Website Name,URL
Website 1,https://www.website1.com
Website 2,https://www.website2.com
Website 3,https://www.website3.com
Website 4,https://www.website4.com
Website 5,https://www.website5.com
Website 6,https://www.website6.com
Website 7,https://www.website7.com
Website 8,https://www.website8.com
Website 9,https://www.website9.com
Website 10,https://www.website10.com
Website 11,https://www.website11.com
Website 12,https://www.website12.com
Website 13,https://www.website13.com
Website 14,https://www.website14.com
Website 15,https://www.website15.com
Website 16,https://www.website16.com
Website 17,https://www.website17.com
Website 18,https://www.website18.com
Website 19,https://www.website19.com
Website 20,https://www.website20.com
Website 21,https://www.website21.com
Website 22,https://www.website22.com
Website 23,https://www.website23.com
Website 24,https://www.website24.com
Website 25,https://www.website25.com
Website 26,https://www.website26.com
Website 27,https://www.website27.com
Website 28,https://www.website28.com
Website 29,https://www.website29.com
Website 30,https://www.website30.com
Website 31,https://www.website31.com
Website 32,https://www.website32.com
Website 33,https://www.website33.com
Website 34,https://www.website34.com
Website 35,https://www.website35.com
Website 36,https://www.website36.com
Website 37,https://www.website37.com
Website 38,https://www.website38.com
Website 39,https://www.website39.com
Website 40,https://www.website40.com
Website 41,https://www.website41.com
Website 42,https://www.website42.com
Website 43,https://www.website43.com
Website 44,https://www.website44.com
Website 45,https://www.website45.com
Website 46,https://www.website46.com
Website 47,https://www.website47.com
Website 48,https://www.website48.com
Website 49,https://www.website49.com
Website 50,https://www.website50.com
Website 51,https://www.website51.com
Website 52,https://www.website52.com
Website 53,https://www.website53.com
Website 54,https://www.website54.com
Website 55,https://www.website55.com
Website 56,https://www.website56.com
Website 57,https://www.website57.com
Website 58,https://www.website58.com
Website 59,https://www.website59.com
Website 60,https://www.website60.com
Website 61,https://www.website61.com
Website 62,https://www.website62.com
Website 63,https://www.website63.com
Website 64,https://www.website64.com
Website 65,https://www.website65.com
Website 66,https://www.website66.com
Website 67,https://www.website67.com
Website 68,https://www.website68.com
Website 69,https://www.website69.com
Website 70,https://www.website70.com
Website 71,https://www.website71.com
Website 72,https://www.website72.com
Website 73,https://www.website73.com
Website 74,https://www.website74.com
Website 75,https://www.website75.com
Website 76,https://www.website76.com
Website 77,https://www.website77.com
Website 78,https://www.website78.com
Website 79,https://www.website79.com
Website 80,https://www.website80.com
Website 81,https://www.website81.com
Website 82,https://www.website82.com
Website 83,https://www.website83.com
Website 84,https://www.website84.com
Website 85,https://www.website85.com
Website 86,https://www.website86.com
Website 87,https://www.website87.com
Website 88,https://www.website88.com
Website 89,https://www.website89.com
Website 90,https://www.website90.com
Website 91,https://www.website91.com
Website 92,https://www.website92.com
Website 93,https://www.website93.com
Website 94,https://www.website94.com
Website 95,https://www.website95.com
Website 96,https://www.website96.com
Website 97,https://www.website97.com
Website 98,https://www.website98.com
Website 99,https://www.website99.com
Website 100,https://www.website100.com
Website 101,https://www.website101.com
Website 102,https://www.website102.com
Website 103,https://www.website103.com
Website 104,https://www.website104.com
Website 105,https://www.website105.com
Website 106,https://www.website106.com
Website 107,https://www.website107.com
Website 108,https://www.website108.com
Website 109,https://www.website109.com
Website 110,https://www.website110.com
Website 111,https://www.website111.com
Website 112,https://www.website112.com
Website 113,https://www.website113.com
Website 114,https://www.website114.com
Website 115,https://www.website115.com
Website 116,https://www.website116.com
Website 117,https://www.website117.com
Website 118,https://www.website118.com
Website 119,https://www.website119.com
Website 120,https://www.website120.com
Website 121,https://www.website121.com
Website 122,https://www.website122.com
Website 123,https://www.website123.com
Website 124,https://www.website124.com
Website 125,https://www.website125.com
Website 126,https://www.website126.com
Website 127,https://www.website127.com
Website 128,https://www.website128.com
Website 129,https://www.website129.com
Website 130,https://www.website130.com
Website 131,https://www.website131.com
Website 132,https://www.website132.com
Website 133,https://www.website133.com
Website 134,https://www.website134.com
Website 135,https://www.website135.com
Website 136,https://www.website136.com
Website 137,https://www.website137.com
Website 138,https://www.website138.com
Website 139,https://www.website139.com
Website 140,https://www.website140.com
Website 141,https://www.website141.com
Website 142,https://www.website142.com
Website 143,https://www.website143.com
Website 144,https://www.website144.com
Website 145,https://www.website145.com
Website 146,https://www.website146.com
Website 147,https://www.website147.com
Website 148,https://www.website148.com
Website 149,https://www.website149.com
Website 150,https://www.website150.com
Website 151,https://www.website151.com
Website 152,https://www.website152.com
Website 153,https://www.website153.com
Website 154,https://www.website154.com
Website 155,https://www.website155.com
Website 156,https://www.website156.com
Website 157,https://www.website157.com
Website 158,https://www.website158.com
Website 159,https://www.website159.com
Website 160,https://www.website160.com
Website 161,https://www.website161.com
Website 162,https://www.website162.com
Website 163,https://www.website163.com
Website 164,https://www.website164.com
Website 165,https://www.website165.com
Website 166,https://www.website166.com
Website 167,https://www.website167.com
Website 168,https://www.website168.com
Website 169,https://www.website169.com
Website 170,https://www.website170.com
Website 171,https://www.website171.com
Website 172,https://www.website172.com
Website 173,https://www.website173.com
Website 174,https://www.website174.com
Website 175,https://www.website175.com
Website 176,https://www.website176.com
Website 177,https://www.website177.com
Website 178,https://www.website178.com
Website 179,https://www.website179.com
Website 180,https://www.website180.com
Website 181,https://www.website181.com
Website 182,https://www.website182.com
Website 183,https://www.website183.com
Website 184,https://www.website184.com
Website 185,https://www.website185.com
Website 186,https://www.website186.com
Website 187,https://www.website187.com
Website 188,https://www.website188.com
Website 189,https://www.website189.com
Website 190,https://www.website190.com
Website 191,https://www.website191.com
Website 192,https://www.website192.com
Website 193,https://www.website193.com
Website 194,https://www.website194.com
Website 195,https://www.website195.com
Website 196,https://www.website196.com
Website 197,https://www.website197.com
Website 198,https://www.website198.com
Website 199,https://www.website199.com
Website 200,https://www.website200.com
Website 201,https://www.website201.com
Website 202,https://www.website202.com
Website 203,https://www.website203.com
Website 204,https://www.website204.com
Website 205,https://www.website205.com
Website 206,https://www.website206.com
Website 207,https://www.website207.com
Website 208,https://www.website208.com
Website 209,https://www.website209.com
Website 210,https://www.website210.com
Website 211,https://www.website211.com
Website 212,https://www.website212.com
Website 213,https://www.website213.com
Website 214,https://www.website214.com
Website 215,https://www.website215.com
Website 216,https://www.website216.com
Website 217,https://www.website217.com
Website 218,https://www.website218.com
Website 219,https://www.website219.com
Website 220,https://www.website220.com
Website 221,https://www.website221.com
Website 222,https://www.website222.com
Website 223,https://www.website223.com
Website 224,https://www.website224.com
Website 225,https://www.website225.com
Website 226,https://www.website226.com
Website 227,https://www.website227.com
Website 228,https://www.website228.com
Website 229,https://www.website229.com
Website 230,https://www.website230.com
Website 231,https://www.website231.com
Website 232,https://www.website232.com
Website 233,https://www.website233.com
Website 234,https://www.website234.com
Website 235,https://www.website235.com
Website 236,https://www.website236.com
Website 237,https://www.website237.com
Website 238,https://www.website238.com
Website 239,https://www.website239.com
Website 240,https://www.website240.com
Website 241,https://www.website241.com
Website 242,https://www.website242.com
Website 243,https://www.website243.com
Website 244,https://www.website244.com
Website 245,https://www.website245.com
Website 246,https://www.website246.com
Website 247,https://www.website247.com
Website 248,https://www.website248.com
Website 249,https://www.website249.com
Website 250,https://www.website250.com
Website 251,https://www.website251.com
Website 252,https://www.website252.com
Website 253,https://www.website253.com
Website 254,https://www.website254.com
Website 255,https://www.website255.com
Website 256,https://www.website256.com
Website 257,https://www.website257.com
Website 258,https://www.website258.com
Website 259,https://www.website259.com
Website 260,https://www.website260.com
Website 261,https://www.website261.com
Website 262,https://www.website262.com
Website 263,https://www.website263.com
Website 264,https://www.website264.com
Website 265,https://www.website265.com
Website 266,https://www.website266.com
Website 267,https://www.website267.com
Website 268,https://www.website268.com
Website 269,https://www.website269.com
Website 270,https://www.website270.com
Website 271,https://www.website271.com
Website 272,https://www.website272.com
Website 273,https://www.website273.com
Website 274,https://www.website274.com
Website 275,https://www.website275.com
Website 276,https://www.website276.com
Website 277,https://www.website277.com
Website 278,https://www.website278.com
Website 279,https://www.website279.com
Website 280,https://www.website280.com
Website 281,https://www.website281.com
Website 282,https://www.website282.com
Website 283,https://www.website283.com
Website 284,https://www.website284.com
Website 285,https://www.website285.com
Website 286,https://www.website286.com
Website 287,https://www.website287.com
Website 288,https://www.website288.com
Website 289,https://www.website289.com
Website 290,https://www.website290.com
Website 291,https://www.website291.com
Website 292,https://www.website292.com
Website 293,https://www.website293.com
Website 294,https://www.website294.com
Website 295,https://www.website295.com
Website 296,https://www.website296.com
Website 297,https://www.website297.com
Website 298,https://www.website298.com
Website 299,https://www.website299.com
Website 300,https://www.website300.com
Website 301,https://www.website301.com
Website 302,https://www.website302.com
Website 303,https://www.website303.com
Website 304,https://www.website304.com
Website 305,https://www.website305.com
Website 306,https://www.website306.com
Website 307,https://www.website307.com
Website 308,https://www.website308.com
Website 309,https://www.website309.com
Website 310,https://www.website310.com
Website 311,https://www.website311.com
Website 312,https://www.website312.com
Website 313,https://www.website313.com
Website 314,https://www.website314.com
Website 315,https://www.website315.com
Website 316,https://www.website316.com
Website 317,https://www.website317.com
Website 318,https://www.website318.com
Website 319,https://www.website319.com
Website 320,https://www.website320.com
Website 321,https://www.website321.com
Website 322,https://www.website322.com
Website 323,https://www.website323.com
Website 324,https://www.website324.com
Website 325,https://www.website325.com
Website 326,https://www.website326.com
Website 327,https://www.website327.com
Website 328,https://www.website328.com
Website 329,https://www.website329.com
Website 330,https://www.website330.com
Website 331,https://www.website331.com
Website 332,https://www.website332.com
Website 333,https://www.website333.com
Website 334,https://www.website334.com
Website 335,https://www.website335.com
Website 336,https://www.website336.com
Website 337,https://www.website337.com
Website 338,https://www.website338.com
Website 339,https://www.website339.com
Website 340,https://www.website340.com
Website 341,https://www.website341.com
Website 342,https://www.website342.com
Website 343,https://www.website343.com
Website 344,https://www.website344.com
Website 345,https://www.website345.com
Website 346,https://www.website346.com
Website 347,https://www.website347.com
Website 348,https://www.website348.com
Website 349,https://www.website349.com
Website 350,https://www.website350.com
Website 351,https://www.website351.com
Website 352,https://www.website352.com
Website 353,https://www.website353.com
Website 354,https://www.website354.com
Website 355,https://www.website355.com
Website 356,https://www.website356.com
Website 357,https://www.website357.com
Website 358,https://www.website358.com
Website 359,https://www.website359.com
Website 360,https://www.website360.com
Website 361,https://www.website361.com
Website 362,https://www.website362.com
Website 363,https://www.website363.com
Website 364,https://www.website364.com
Website 365,https://www.website365.com
Website 366,https://www.website366.com
Website 367,https://www.website367.com
Website 368,https://www.website368.com
Website 369,https://www.website369.com
Website 370,https://www.website370.com
Website 371,https://www.website371.com
Website 372,https://www.website372.com
Website 373,https://www.website373.com
Website 374,https://www.website374.com
Website 375,https://www.website375.com
Website 376,https://www.website376.com
Website 377,https://www.website377.com
Website 378,https://www.website378.com
Website 379,https://www.website379.com
Website 380,https://www.website380.com
Website 381,https://www.website381.com
Website 382,https://www.website382.com
Website 383,https://www.website383.com
Website 384,https://www.website384.com
Website 385,https://www.website385.com
Website 386,https://www.website386.com
Website 387,https://www.website387.com
Website 388,https://www.website388.com
Website 389,https://www.website389.com
Website 390,https://www.website390.com
Website 391,https://www.website391.com
Website 392,https://www.website392.com
Website 393,https://www.website393.com
Website 394,https://www.website394.com
Website 395,https://www.website395.com
Website 396,https://www.website396.com
Website 397,https://www.website397.com
Website 398,https://www.website398.com
Website 399,https://www.website399.com
Website 400,https://www.website400.com
Website 401,https://www.website401.com
Website 402,https://www.website402.com
Website 403,https://www.website403.com
Website 404,https://www.website404.com
Website 405,https://www.website405.com
Website 406,https://www.website406.com
Website 407,https://www.website407.com
Website 408,https://www.website408.com
Website 409,https://www.website409.com
Website 410,https://www.website410.com
Website 411,https://www.website411.com
Website 412,https://www.website412.com
Website 413,https://www.website413.com
Website 414,https://www.website414.com
Website 415,https://www.website415.com
Website 416,https://www.website416.com
Website 417,https://www.website417.com
Website 418,https://www.website418.com
Website 419,https://www.website419.com
Website 420,https://www.website420.com
Website 421,https://www.website421.com
Website 422,https://www.website422.com
Website 423,https://www.website423.com
Website 424,https://www.website424.com
Website 425,https://www.website425.com
Website 426,https://www.website426.com
Website 427,https://www.website427.com
Website 428,https://www.website428.com
Website 429,https://www.website429.com
Website 430,https://www.website430.com
Website 431,https://www.website431.com
Website 432,https://www.website432.com
Website 433,https://www.website433.com
Website 434,https://www.website434.com
Website 435,https://www.website435.com
Website 436,https://www.website436.com
Website 437,https://www.website437.com
Website 438,https://www.website438.com
Website 439,https://www.website439.com
Website 440,https://www.website440.com
Website 441,https://www.website441.com
Website 442,https://www.website442.com
Website 443,https://www.website443.com
Website 444,https://www.website444.com
Website 445,https://www.website445.com
Website 446,https://www.website446.com
Website 447,https://www.website447.com
Website 448,https://www.website448.com
Website 449,https://www.website449.com
Website 450,https://www.website450.com
Website 451,https://www.website451.com
Website 452,https://www.website452.com
Website 453,https://www.website453.com
Website 454,https://www.website454.com
Website 455,https://www.website455.com
Website 456,https://www.website456.com
Website 457,https://www.website457.com
Website 458,https://www.website458.com
Website 459,https://www.website459.com
Website 460,https://www.website460.com
Website 461,https://www.website461.com
Website 462,https://www.website462.com
Website 463,https://www.website463.com
Website 464,https://www.website464.com
Website 465,https://www.website465.com
Website 466,https://www.website466.com
Website 467,https://www.website467.com
Website 468,https://www.website468.com
Website 469,https://www.website469.com
Website 470,https://www.website470.com
Website 471,https://www.website471.com
Website 472,https://www.website472.com
Website 473,https://www.website473.com
Website 474,https://www.website474.com
Website 475,https://www.website475.com
Website 476,https://www.website476.com
Website 477,https://www.website477.com
Website 478,https://www.website478.com
Website 479,https://www.website479.com
Website 480,https://www.website480.com
Website 481,https://www.website481.com
Website 482,https://www.website482.com
Website 483,https://www.website483.com
Website 484,https://www.website484.com
Website 485,https://www.website485.com
Website 486,https://www.website486.com
Website 487,https://www.website487.com
Website 488,https://www.website488.com
Website 489,https://www.website489.com
Website 490,https://www.website490.com
Website 491,https://www.website491.com
Website 492,https://www.website492.com
Website 493,https://www.website493.com
Website 494,https://www.website494.com
Website 495,https://www.website495.com
Website 496,https://www.website496.com
Website 497,https://www.website497.com
Website 498,https://www.website498.com
Website 499,https://www.website499.com
Website 500,https://www.website500.com
